name,death_year,occupation,wikidata_id,wikidata_url
Ramai Pandit,1200,poet,Q7288770,https://www.wikidata.org/wiki/Q7288770
Nur Qutb Alam,1415,poet|writer,Q31723891,https://www.wikidata.org/wiki/Q31723891
Krittibas Ojha,1461,poet,Q3346456,https://www.wikidata.org/wiki/Q3346456
Kavi Karnapura,1580,playwright|poet,Q106824680,https://www.wikidata.org/wiki/Q106824680
Lochandas,1589,poet,Q117190481,https://www.wikidata.org/wiki/Q117190481
Vrindavana Dasa Thakura,1589,poet|writer,Q7943127,https://www.wikidata.org/wiki/Q7943127
Daulat Qazi,1638,poet,Q5227999,https://www.wikidata.org/wiki/Q5227999
Narahari Chakraborty,1643,poet|writer,Q113784310,https://www.wikidata.org/wiki/Q113784310
Syed Sultan,1648,poet|writer,Q13060133,https://www.wikidata.org/wiki/Q13060133
Alaol,1680,poet,Q3350443,https://www.wikidata.org/wiki/Q3350443
Dom Antonio do Rosario,1695,writer,Q37583282,https://www.wikidata.org/wiki/Q37583282
Ramdas Adak,1708,poet|writer,Q136932976,https://www.wikidata.org/wiki/Q136932976
Bharatchandra Ray,1760,poet|writer,Q2501700,https://www.wikidata.org/wiki/Q2501700
Heyat Mamud,1760,poet,Q18989305,https://www.wikidata.org/wiki/Q18989305
Ramprasad Sen,1775,poet|writer,Q3347343,https://www.wikidata.org/wiki/Q3347343
Baneshwar Vidyalankar,1788,playwright|writer,Q13058915,https://www.wikidata.org/wiki/Q13058915
Chandi Charan Munshi,1808,writer,Q13057817,https://www.wikidata.org/wiki/Q13057817
Ramram Basu,1813,poet|writer,Q4079215,https://www.wikidata.org/wiki/Q4079215
Mrityunjay Vidyalankar,1819,writer,Q24037883,https://www.wikidata.org/wiki/Q24037883
Jaynarayan Ghoshal,1820,writer,Q48977630,https://www.wikidata.org/wiki/Q48977630
Ram Basu,1828,poet,Q97251183,https://www.wikidata.org/wiki/Q97251183
Gangakishore Bhattacharya,1831,journalist|writer,Q48677123,https://www.wikidata.org/wiki/Q48677123
John Pearson,1831,writer,Q50219901,https://www.wikidata.org/wiki/Q50219901
Paran Chandra Babu,1831,writer,Q50194330,https://www.wikidata.org/wiki/Q50194330
Ram Mohan Roy,1833,writer,Q335269,https://www.wikidata.org/wiki/Q335269
William Carey,1834,writer,Q312948,https://www.wikidata.org/wiki/Q312948
Ramnidhi Gupta,1839,poet,Q1987411,https://www.wikidata.org/wiki/Q1987411
William Hopkins Pears,1840,writer,Q50195242,https://www.wikidata.org/wiki/Q50195242
Gangadhar Tarkabagish,1844,writer,Q48681006,https://www.wikidata.org/wiki/Q48681006
Krishnakanta Bhaduri,1844,poet,Q31725595,https://www.wikidata.org/wiki/Q31725595
Ramkamal Sen,1844,writer,Q7289678,https://www.wikidata.org/wiki/Q7289678
Ram Chandra Vidyabagish,1845,writer,Q7288451,https://www.wikidata.org/wiki/Q7288451
William Yates,1845,writer,Q8020661,https://www.wikidata.org/wiki/Q8020661
Jaygopal Tarkalankar,1846,writer,Q26962527,https://www.wikidata.org/wiki/Q26962527
Bhabani Charan Bandyopadhyay,1848,journalist|novelist,Q4900474,https://www.wikidata.org/wiki/Q4900474
Kashinath Tarkapanchanan,1851,writer,Q28060599,https://www.wikidata.org/wiki/Q28060599
Augustin D'Silva,1853,writer,Q107172336,https://www.wikidata.org/wiki/Q107172336
Mutty Lall Seal,1854,writer,Q6944137,https://www.wikidata.org/wiki/Q6944137
Nilratna Haldar,1855,writer,Q50190153,https://www.wikidata.org/wiki/Q50190153
Uday Chandra Adhya,1856,writer,Q107132317,https://www.wikidata.org/wiki/Q107132317
Dasarathi Roy,1857,poet|writer,Q19739503,https://www.wikidata.org/wiki/Q19739503
Dwarakanath Adhikari,1857,poet,Q18987691,https://www.wikidata.org/wiki/Q18987691
Ramjay Tarkalankar,1857,writer,Q28060593,https://www.wikidata.org/wiki/Q28060593
Madan Mohan Tarkalankar,1858,poet,Q2561447,https://www.wikidata.org/wiki/Q2561447
Tarashankar Tarkaratna,1858,writer,Q21481863,https://www.wikidata.org/wiki/Q21481863
Anandaram Dhekial Phukan,1859,poet,Q4751350,https://www.wikidata.org/wiki/Q4751350
Gouri Shankar Bhattacharya,1859,writer,Q16345384,https://www.wikidata.org/wiki/Q16345384
Ishwar Chandra Gupta,1859,poet|writer,Q6080707,https://www.wikidata.org/wiki/Q6080707
Jagannath Prasad Basu Mallik,1859,writer,Q48906987,https://www.wikidata.org/wiki/Q48906987
Hannah Catherine Mullens,1861,novelist|writer,Q5646757,https://www.wikidata.org/wiki/Q5646757
Ramaprasad Roy,1862,writer,Q107061803,https://www.wikidata.org/wiki/Q107061803
Sadeq Ali,1862,poet,Q75186313,https://www.wikidata.org/wiki/Q75186313
Nilmani Basak,1864,writer,Q23059860,https://www.wikidata.org/wiki/Q23059860
Apūrbo Krishnā Kunvar,1867,poet,Q94642904,https://www.wikidata.org/wiki/Q94642904
Radhakanta Deb,1867,writer,Q7280210,https://www.wikidata.org/wiki/Q7280210
Girish Chandra Ghosh,1869,journalist,Q134585370,https://www.wikidata.org/wiki/Q134585370
"Janamejaya Mitra ""Arman""",1869,poet,Q131940981,https://www.wikidata.org/wiki/Q131940981
Jadunath Sarbadhikary,1870,writer,Q117464988,https://www.wikidata.org/wiki/Q117464988
Kaliprasanna Singha,1870,novelist|playwright|writer,Q6353105,https://www.wikidata.org/wiki/Q6353105
Durgadoss Kar,1871,playwright,Q47013099,https://www.wikidata.org/wiki/Q47013099
Harish Chandra Mitra,1872,playwright|poet|writer,Q5657861,https://www.wikidata.org/wiki/Q5657861
Jaynarayan Tarkapanchanan,1872,writer,Q48977637,https://www.wikidata.org/wiki/Q48977637
Ayodhyanath Pakrashi,1873,writer,Q30056571,https://www.wikidata.org/wiki/Q30056571
Dinabandhu Mitra,1873,playwright|poet|writer,Q2075170,https://www.wikidata.org/wiki/Q2075170
Harimohan Pramanik,1873,writer,Q54556173,https://www.wikidata.org/wiki/Q54556173
Kishori Chand Mitra,1873,writer,Q22018987,https://www.wikidata.org/wiki/Q22018987
Michael Madhusudan Dutt,1873,playwright|poet|writer,Q666864,https://www.wikidata.org/wiki/Q666864
Kali Krishna Deb,1874,writer,Q48167980,https://www.wikidata.org/wiki/Q48167980
Ram Chandra Mitra,1874,writer,Q51035270,https://www.wikidata.org/wiki/Q51035270
Ananda Chandra Bedantabagish,1875,writer,Q18987265,https://www.wikidata.org/wiki/Q18987265
Peary Charan Sircar,1875,writer,Q7158395,https://www.wikidata.org/wiki/Q7158395
Shyama Charan Shrimani,1875,writer,Q118115215,https://www.wikidata.org/wiki/Q118115215
John Clark Marshman,1877,writer,Q6226199,https://www.wikidata.org/wiki/Q6226199
Toru Dutt,1877,essayist|novelist|poet|writer,Q7827414,https://www.wikidata.org/wiki/Q7827414
John Robinson,1878,writer,Q31783814,https://www.wikidata.org/wiki/Q31783814
Surendranath Majumder,1878,poet|writer,Q37609707,https://www.wikidata.org/wiki/Q37609707
Mahtab Chand Bahadur,1879,writer,Q23730370,https://www.wikidata.org/wiki/Q23730370
Kshetranath Bhattacharya,1880,writer,Q48639869,https://www.wikidata.org/wiki/Q48639869
Kalikrishna Lahiri,1881,writer,Q120597794,https://www.wikidata.org/wiki/Q120597794
Nagendranath Bandyopadhyay,1882,playwright,Q49989627,https://www.wikidata.org/wiki/Q49989627
Shyama Charan Sarkar,1882,writer,Q23452044,https://www.wikidata.org/wiki/Q23452044
Peary Chand Mitra,1883,novelist|writer,Q288769,https://www.wikidata.org/wiki/Q288769
Pramathanath Mitra,1883,playwright,Q23782677,https://www.wikidata.org/wiki/Q23782677
Rasik Chandra Roy,1883,writer,Q50610874,https://www.wikidata.org/wiki/Q50610874
Hara Chandra Ghosh,1884,playwright,Q23729814,https://www.wikidata.org/wiki/Q23729814
Harinath Nyayratna,1884,writer,Q27564576,https://www.wikidata.org/wiki/Q27564576
Ramdhan Tarkapanchanan,1884,writer,Q107172358,https://www.wikidata.org/wiki/Q107172358
Adhar Lal Sen,1885,poet|writer,Q4682481,https://www.wikidata.org/wiki/Q4682481
Bharatendu Harishchandra,1885,journalist|novelist|playwright|poet|writer,Q2628981,https://www.wikidata.org/wiki/Q2628981
Gangadhar Sen Roy,1885,writer,Q48684730,https://www.wikidata.org/wiki/Q48684730
Kamal Krishna Deb,1885,writer,Q55137396,https://www.wikidata.org/wiki/Q55137396
Kartikeya Chandra Roy,1885,writer,Q33302331,https://www.wikidata.org/wiki/Q33302331
Krishna Mohan Banerjee,1885,writer,Q5565188,https://www.wikidata.org/wiki/Q5565188
Taranath Tarkabachaspati,1885,writer,Q27564536,https://www.wikidata.org/wiki/Q27564536
Akshay Kumar Datta,1886,writer,Q3351851,https://www.wikidata.org/wiki/Q3351851
Dwarkanath Vidyabhusan,1886,poet|writer,Q5317957,https://www.wikidata.org/wiki/Q5317957
Fateh Ali Waisi,1886,poet,Q118115290,https://www.wikidata.org/wiki/Q118115290
Rajkrishna Mukhopadhyay,1886,poet|writer,Q27184066,https://www.wikidata.org/wiki/Q27184066
Ramnarayan Tarkaratna,1886,playwright|writer,Q13059599,https://www.wikidata.org/wiki/Q13059599
Rakhaldas Haldar,1887,writer,Q111955395,https://www.wikidata.org/wiki/Q111955395
Rakhaldas Majumder,1887,writer,Q50612827,https://www.wikidata.org/wiki/Q50612827
Ramdas Sen,1887,writer,Q23782712,https://www.wikidata.org/wiki/Q23782712
Rangalal Bandyopadhyay,1887,poet,Q16346409,https://www.wikidata.org/wiki/Q16346409
Gangacharan Sarkar,1888,writer,Q48680790,https://www.wikidata.org/wiki/Q48680790
Krishna Kamal Goswami,1888,playwright|writer,Q28060607,https://www.wikidata.org/wiki/Q28060607
Prananath Dutta,1888,playwright|writer,Q50275470,https://www.wikidata.org/wiki/Q50275470
Ganga Prasad Mukhopadhyay,1889,writer,Q48684953,https://www.wikidata.org/wiki/Q48684953
Sanjib Chandra Chattopadhyay,1889,poet|writer,Q13059878,https://www.wikidata.org/wiki/Q13059878
Annadacharan Khastagir,1890,writer,Q13056829,https://www.wikidata.org/wiki/Q13056829
Lalon,1890,poet|writer,Q3347988,https://www.wikidata.org/wiki/Q3347988
Pramadacharan Sen,1890,writer,Q50242643,https://www.wikidata.org/wiki/Q50242643
Bipin Behari Chakrabarty,1891,writer,Q139590651,https://www.wikidata.org/wiki/Q139590651
Ishwar Chandra Vidyasagar,1891,playwright|writer,Q964111,https://www.wikidata.org/wiki/Q964111
Taraknath Gangopadhyay,1891,novelist|writer,Q13058148,https://www.wikidata.org/wiki/Q13058148
Dharmaraj Barua,1892,writer,Q117241689,https://www.wikidata.org/wiki/Q117241689
Jagadishwar Gupta,1892,writer,Q48801347,https://www.wikidata.org/wiki/Q48801347
Lal Behari Day,1892,journalist|writer,Q6480029,https://www.wikidata.org/wiki/Q6480029
Jadunath Mukhopadhyay,1893,writer,Q50569727,https://www.wikidata.org/wiki/Q50569727
Kshetramohan Goswami,1893,writer,Q48640956,https://www.wikidata.org/wiki/Q48640956
Nimai Chand Shil,1893,playwright|writer,Q50187092,https://www.wikidata.org/wiki/Q50187092
Shibsundari Devi,1893,writer,Q54348009,https://www.wikidata.org/wiki/Q54348009
Bankim Chandra Chatterjee,1894,essayist|journalist|novelist|poet|writer,Q377881,https://www.wikidata.org/wiki/Q377881
Bhudev Mukhopadhyay,1894,essayist|novelist|writer,Q4902098,https://www.wikidata.org/wiki/Q4902098
Biharilal Chakraborty,1894,poet,Q14404792,https://www.wikidata.org/wiki/Q14404792
Jagadish Chandra Lahiri,1894,writer,Q48800488,https://www.wikidata.org/wiki/Q48800488
Nabagopal Mitra,1894,playwright|poet,Q6956727,https://www.wikidata.org/wiki/Q6956727
Rajkrishna Roy,1894,novelist|playwright|poet|writer,Q27184160,https://www.wikidata.org/wiki/Q27184160
Ramgati Nyayratna,1894,writer,Q37590384,https://www.wikidata.org/wiki/Q37590384
Bholanath Mukhopadhyay,1895,playwright|writer,Q23782371,https://www.wikidata.org/wiki/Q23782371
Dakshinaranjan Mukhopadhyay,1895,writer,Q49437346,https://www.wikidata.org/wiki/Q49437346
Koilasbasiney Devi,1895,writer,Q125341314,https://www.wikidata.org/wiki/Q125341314
Krishna Behari Sen,1895,poet|writer,Q27867899,https://www.wikidata.org/wiki/Q27867899
Harinath Majumder,1896,poet,Q3350994,https://www.wikidata.org/wiki/Q3350994
Nabin Krishna Bandyopadhyay,1896,writer,Q49998791,https://www.wikidata.org/wiki/Q49998791
Nilkamal Lahiri,1896,writer,Q50189461,https://www.wikidata.org/wiki/Q50189461
Pramila Nag,1896,writer,Q33193298,https://www.wikidata.org/wiki/Q33193298
Tarinicharan Chattopadhyay,1896,writer,Q49268356,https://www.wikidata.org/wiki/Q49268356
Durga Charan Ray,1897,writer,Q53760844,https://www.wikidata.org/wiki/Q53760844
Ishan Chandra Bandyopadhyay,1897,novelist|poet,Q40893292,https://www.wikidata.org/wiki/Q40893292
Akshay Chandra Chaudhury,1898,poet|writer,Q13056790,https://www.wikidata.org/wiki/Q13056790
Dinanath Sen,1898,writer,Q49453804,https://www.wikidata.org/wiki/Q49453804
Dwarkanath Ganguly,1898,writer,Q5317956,https://www.wikidata.org/wiki/Q5317956
Hara Chandra Chowdhury,1898,writer,Q140319438,https://www.wikidata.org/wiki/Q140319438
Jaganmohinee Devi,1898,writer,Q29963063,https://www.wikidata.org/wiki/Q29963063
Krishnendra Ray,1898,playwright|poet,Q135983794,https://www.wikidata.org/wiki/Q135983794
Umesh Chandra Batabyal,1898,writer,Q42298311,https://www.wikidata.org/wiki/Q42298311
Balendranath Tagore,1899,writer,Q27643406,https://www.wikidata.org/wiki/Q27643406
Bijoy Krishna Goswami,1899,poet|writer,Q4907268,https://www.wikidata.org/wiki/Q4907268
Bipin Bihari Chakraborty,1899,writer,Q50380259,https://www.wikidata.org/wiki/Q50380259
Dayal Chandra Shome,1899,writer,Q120446186,https://www.wikidata.org/wiki/Q120446186
Girija Prasanna Roy Chowdhury,1899,writer,Q48688256,https://www.wikidata.org/wiki/Q48688256
Gour Das Bysack,1899,writer,Q5588373,https://www.wikidata.org/wiki/Q5588373
Nabin Chandra Datta,1899,writer,Q50005106,https://www.wikidata.org/wiki/Q50005106
Natendranath Thakur,1899,novelist|playwright|writer,Q120501397,https://www.wikidata.org/wiki/Q120501397
Rajnarayan Basu,1899,writer,Q3350709,https://www.wikidata.org/wiki/Q3350709
Ram Chandra Datta,1899,writer,Q16066440,https://www.wikidata.org/wiki/Q16066440
Baladeb Palit,1900,writer,Q50368435,https://www.wikidata.org/wiki/Q50368435
Banalata Devi,1900,poet|writer,Q50368244,https://www.wikidata.org/wiki/Q50368244
Gobinda Mohan Ray,1900,writer,Q140783535,https://www.wikidata.org/wiki/Q140783535
Guru Prasad Sen,1900,writer,Q108405867,https://www.wikidata.org/wiki/Q108405867
Jaganmohan Tarkalankar,1900,writer,Q106791741,https://www.wikidata.org/wiki/Q106791741
Kalimoy Ghatak,1900,writer,Q48220940,https://www.wikidata.org/wiki/Q48220940
Kaliprasanna Bandyoapadhyay,1900,writer,Q48211877,https://www.wikidata.org/wiki/Q48211877
Nitya Krishna Basu,1900,writer,Q54577197,https://www.wikidata.org/wiki/Q54577197
Pankajini Bose,1900,writer,Q33248179,https://www.wikidata.org/wiki/Q33248179
Prafulla Chandra Bandyopadhyay,1900,writer,Q37605910,https://www.wikidata.org/wiki/Q37605910
Rajanikanta Gupta,1900,essayist|writer,Q24575465,https://www.wikidata.org/wiki/Q24575465
Rassundari Dasi,1900,writer,Q16856138,https://www.wikidata.org/wiki/Q16856138
Troilokyanath Bhattacharya,1900,writer,Q37608256,https://www.wikidata.org/wiki/Q37608256
Umacharan Mukhopadhyay,1900,writer,Q42298218,https://www.wikidata.org/wiki/Q42298218
Biharilal Chattopadhyay,1901,playwright|writer,Q13059016,https://www.wikidata.org/wiki/Q13059016
Kaliprasanna Dutta,1901,writer,Q48207444,https://www.wikidata.org/wiki/Q48207444
Nilkantha Majumder,1901,writer,Q50189028,https://www.wikidata.org/wiki/Q50189028
Dhanakrishna Sen,1902,playwright,Q49790355,https://www.wikidata.org/wiki/Q49790355
Dinanath Gangopadhyay,1902,writer,Q49450027,https://www.wikidata.org/wiki/Q49450027
Krishnaprasanna Sen,1902,essayist|writer,Q48634865,https://www.wikidata.org/wiki/Q48634865
Ram Chandra Vidyavinod,1902,writer,Q51034409,https://www.wikidata.org/wiki/Q51034409
Swami Vivekananda,1902,essayist|poet|writer,Q47478,https://www.wikidata.org/wiki/Q47478
Ananda Chandra Mitra,1903,playwright|poet,Q33248485,https://www.wikidata.org/wiki/Q33248485
Girish Chandra Vidyaratna,1903,writer,Q26962468,https://www.wikidata.org/wiki/Q26962468
Hemchandra Bandyopadhyay,1903,playwright|poet,Q14404612,https://www.wikidata.org/wiki/Q14404612
Kali Narayan Gupta,1903,writer,Q48201765,https://www.wikidata.org/wiki/Q48201765
Kshetrapal Chakrabarty,1903,novelist|playwright|writer,Q48640248,https://www.wikidata.org/wiki/Q48640248
Nawab Faizunnesa,1903,writer,Q15848350,https://www.wikidata.org/wiki/Q15848350
Thakurdas Mukhopadhyay,1903,writer,Q37607883,https://www.wikidata.org/wiki/Q37607883
Jogendranath Bandyopadhyay,1904,essayist|journalist|poet|writer,Q3572409,https://www.wikidata.org/wiki/Q3572409
Krishnadhan Bandyopadhyay,1904,playwright|writer,Q18987361,https://www.wikidata.org/wiki/Q18987361
Narayan Hemchandra,1904,novelist|poet|writer,Q15486572,https://www.wikidata.org/wiki/Q15486572
Pitambar De,1904,writer,Q50220291,https://www.wikidata.org/wiki/Q50220291
Satish Chandra Roy,1904,writer,Q134165012,https://www.wikidata.org/wiki/Q134165012
Surya Kumar Sarbadhikari,1904,writer,Q117465258,https://www.wikidata.org/wiki/Q117465258
Tarak Gopal Ghosh,1904,writer,Q49257870,https://www.wikidata.org/wiki/Q49257870
Lakshmi Narayan Dutta,1905,poet,Q139783794,https://www.wikidata.org/wiki/Q139783794
Yogendra Chandra Basu,1905,novelist|writer,Q37764497,https://www.wikidata.org/wiki/Q37764497
Chandi Charan Sen,1906,novelist|writer,Q33138649,https://www.wikidata.org/wiki/Q33138649
Hemchandra Bhattacharya,1906,writer,Q23844053,https://www.wikidata.org/wiki/Q23844053
Jagadbandhu Bhadra,1906,writer,Q48898154,https://www.wikidata.org/wiki/Q48898154
Nagendrabala Mustofi,1906,writer,Q33200364,https://www.wikidata.org/wiki/Q33200364
Rasiklal Chakraborty,1906,playwright,Q50611380,https://www.wikidata.org/wiki/Q50611380
Brahmabandhav Upadhyay,1907,writer,Q3348963,https://www.wikidata.org/wiki/Q3348963
Damodar Mukhopadhyay,1907,novelist|writer,Q37764100,https://www.wikidata.org/wiki/Q37764100
Kali Narayan Roy,1907,writer,Q125446455,https://www.wikidata.org/wiki/Q125446455
Kaliprasanna Kabyabisharad,1907,writer,Q27919112,https://www.wikidata.org/wiki/Q27919112
Krishna Chandra Majumder,1907,writer,Q13057550,https://www.wikidata.org/wiki/Q13057550
Radhakrishna Das,1907,playwright|writer,Q16773249,https://www.wikidata.org/wiki/Q16773249
Saradasundari Devi,1907,writer,Q33247996,https://www.wikidata.org/wiki/Q33247996
Umesh Chandra Dutta,1907,novelist|writer,Q13057270,https://www.wikidata.org/wiki/Q13057270
Debendranath Das,1908,writer,Q49743313,https://www.wikidata.org/wiki/Q49743313
Jatindramohan Tagore,1908,writer,Q6164591,https://www.wikidata.org/wiki/Q6164591
Kanailal Chandra,1908,writer,Q136228903,https://www.wikidata.org/wiki/Q136228903
Krishnadhan Mukhopadhyay,1908,essayist|writer,Q126008171,https://www.wikidata.org/wiki/Q126008171
Matilal Roy,1908,playwright|poet|writer,Q50397196,https://www.wikidata.org/wiki/Q50397196
Priyanath Chakraborty,1908,poet|writer,Q28059804,https://www.wikidata.org/wiki/Q28059804
Ram Brahma Sanyal,1908,writer,Q7288438,https://www.wikidata.org/wiki/Q7288438
Shrish Chandra Majumder,1908,writer,Q37786658,https://www.wikidata.org/wiki/Q37786658
Suryakanta Acharya,1908,writer,Q140247083,https://www.wikidata.org/wiki/Q140247083
Girindra Kumar Dutta,1909,writer,Q23640300,https://www.wikidata.org/wiki/Q23640300
Girindranath Dutta,1909,poet|writer,Q28056518,https://www.wikidata.org/wiki/Q28056518
Jogendranath Chattopadhyay,1909,novelist|writer,Q50589165,https://www.wikidata.org/wiki/Q50589165
Mahendranath Bhattacharya,1909,writer,Q117750465,https://www.wikidata.org/wiki/Q117750465
Manomohan Dutta,1909,poet|writer,Q18988619,https://www.wikidata.org/wiki/Q18988619
Nabin Chandra Sen,1909,poet|writer,Q6956922,https://www.wikidata.org/wiki/Q6956922
Pran Krishna Dutta,1909,writer,Q57952524,https://www.wikidata.org/wiki/Q57952524
Rangalal Mukhopadhyay,1909,poet|writer,Q24037934,https://www.wikidata.org/wiki/Q24037934
Romesh Chunder Dutt,1909,novelist|writer,Q3348870,https://www.wikidata.org/wiki/Q3348870
Shibnarayan Swami,1909,writer,Q119359996,https://www.wikidata.org/wiki/Q119359996
Abdul Hamid Khan Yusufzai,1910,poet|writer,Q31724787,https://www.wikidata.org/wiki/Q31724787
Chandrakanta Tarkalankar,1910,writer,Q120068871,https://www.wikidata.org/wiki/Q120068871
Chandranath Basu,1910,essayist|novelist|writer,Q27919130,https://www.wikidata.org/wiki/Q27919130
Kali Prasanna Ghosh,1910,essayist|poet|writer,Q20603905,https://www.wikidata.org/wiki/Q20603905
Motilal Basu,1910,writer,Q126125376,https://www.wikidata.org/wiki/Q126125376
Pramathanath Mitra,1910,novelist|writer,Q13058645,https://www.wikidata.org/wiki/Q13058645
Rajanikanta Sen,1910,poet,Q7285742,https://www.wikidata.org/wiki/Q7285742
Sukumari Dutta,1910,playwright,Q97289568,https://www.wikidata.org/wiki/Q97289568
Bireshwar Pandey,1911,writer,Q37606709,https://www.wikidata.org/wiki/Q37606709
Debendranath Majundar,1911,novelist|poet|writer,Q117054313,https://www.wikidata.org/wiki/Q117054313
Durgadas De,1911,writer,Q49476213,https://www.wikidata.org/wiki/Q49476213
Haranath Bose,1911,novelist|playwright|writer,Q117814178,https://www.wikidata.org/wiki/Q117814178
Indranath Bandyopadhyay,1911,novelist|poet|writer,Q37763669,https://www.wikidata.org/wiki/Q37763669
Kalivar Bedantabagish,1911,writer,Q120367400,https://www.wikidata.org/wiki/Q120367400
Mir Mosharraf Hossain,1911,essayist|playwright|writer,Q6872126,https://www.wikidata.org/wiki/Q6872126
Nityagopal Bose,1911,writer,Q42889470,https://www.wikidata.org/wiki/Q42889470
Rajkumar Sarbadhikari,1911,writer,Q50613375,https://www.wikidata.org/wiki/Q50613375
Satyabrata Samashrami,1911,writer,Q97383353,https://www.wikidata.org/wiki/Q97383353
Shatadalbasini Biswas,1911,writer,Q52237867,https://www.wikidata.org/wiki/Q52237867
Sisir Kumar Ghosh,1911,journalist|writer,Q15118235,https://www.wikidata.org/wiki/Q15118235
Swami Ramakrishnananda,1911,writer,Q7653225,https://www.wikidata.org/wiki/Q7653225
Atul Krishna Mitra,1912,playwright,Q31786232,https://www.wikidata.org/wiki/Q31786232
Binay Krishna Deb,1912,writer,Q22680650,https://www.wikidata.org/wiki/Q22680650
Girish Chandra Ghosh,1912,playwright|poet|writer,Q5564293,https://www.wikidata.org/wiki/Q5564293
Gour Gobinda Roy,1912,writer,Q5588376,https://www.wikidata.org/wiki/Q5588376
Ishan Chandra Bose,1912,writer,Q115193183,https://www.wikidata.org/wiki/Q115193183
Mahendranath Roy,1912,writer,Q117290162,https://www.wikidata.org/wiki/Q117290162
Manomohan Basu,1912,journalist|playwright|writer,Q13059199,https://www.wikidata.org/wiki/Q13059199
Premtosh Basu,1912,poet,Q31726376,https://www.wikidata.org/wiki/Q31726376
Sakharam Ganesh Deuskar,1912,writer,Q12455157,https://www.wikidata.org/wiki/Q12455157
Benoyendranath Sen,1913,writer,Q16058749,https://www.wikidata.org/wiki/Q16058749
Chandrashekhar Basu,1913,writer,Q23681143,https://www.wikidata.org/wiki/Q23681143
Dwijendralal Ray,1913,playwright|poet|writer,Q1268517,https://www.wikidata.org/wiki/Q1268517
Girish Chandra Majumder,1913,writer,Q48688407,https://www.wikidata.org/wiki/Q48688407
Hrishikes Shastri,1913,writer,Q54569335,https://www.wikidata.org/wiki/Q54569335
Nagendranath Chattopadyay,1913,essayist|writer,Q30053796,https://www.wikidata.org/wiki/Q30053796
Shib Chandra Vidyarnab,1913,writer,Q54347264,https://www.wikidata.org/wiki/Q54347264
Subal Chandra Mitra,1913,writer,Q20726533,https://www.wikidata.org/wiki/Q20726533
Subodhbala Debi,1913,poet,Q135447137,https://www.wikidata.org/wiki/Q135447137
Bipradas Mukhopadhyay,1914,playwright|writer,Q42795274,https://www.wikidata.org/wiki/Q42795274
Bishweshwar Tarkaratna,1914,writer,Q50380419,https://www.wikidata.org/wiki/Q50380419
Durgadas Bandyopadhyay,1914,writer,Q49476891,https://www.wikidata.org/wiki/Q49476891
Gurunath Sengupta,1914,poet|writer,Q5620520,https://www.wikidata.org/wiki/Q5620520
Kailash Chandra Singha,1914,writer,Q26417499,https://www.wikidata.org/wiki/Q26417499
Kedarnath Dutta,1914,writer,Q559104,https://www.wikidata.org/wiki/Q559104
Nabin Chandra Das,1914,writer,Q27949652,https://www.wikidata.org/wiki/Q27949652
Ramakshay Chattoadhyay,1914,writer,Q51022015,https://www.wikidata.org/wiki/Q51022015
Sourindro Mohun Tagore,1914,playwright,Q23924996,https://www.wikidata.org/wiki/Q23924996
Surendranath Mukhopadhyay,1914,writer,Q134238003,https://www.wikidata.org/wiki/Q134238003
Tarak Chandra Sarkar,1914,writer,Q24037191,https://www.wikidata.org/wiki/Q24037191
Ambikacharan Gupta,1915,writer,Q98929994,https://www.wikidata.org/wiki/Q98929994
Barada Charan Mitra,1915,writer,Q50368278,https://www.wikidata.org/wiki/Q50368278
Indra Chandra,1915,poet,Q119853979,https://www.wikidata.org/wiki/Q119853979
Induprakash Bandyopadhyay,1915,writer,Q53232354,https://www.wikidata.org/wiki/Q53232354
Kumud Chandra Singh,1915,writer,Q48621719,https://www.wikidata.org/wiki/Q48621719
Kusumkumari Devi,1915,writer,Q33185660,https://www.wikidata.org/wiki/Q33185660
Radharaman Dutta,1915,poet,Q7280222,https://www.wikidata.org/wiki/Q7280222
Sarat Chandra Shastri,1915,writer,Q52294510,https://www.wikidata.org/wiki/Q52294510
Upendra Kishore Ray Choudhury,1915,playwright|writer,Q737942,https://www.wikidata.org/wiki/Q737942
Amarendranath Dutta,1916,playwright,Q28748405,https://www.wikidata.org/wiki/Q28748405
Bhuban Chandra Mukhopadhyay,1916,writer,Q13059159,https://www.wikidata.org/wiki/Q13059159
Byomkesh Mustofi,1916,writer,Q50383810,https://www.wikidata.org/wiki/Q50383810
Chandicharan Bandyopadhyay,1916,novelist|writer,Q48764576,https://www.wikidata.org/wiki/Q48764576
Hemantabala Dutta,1916,poet,Q120496174,https://www.wikidata.org/wiki/Q120496174
Jaygopal Goswami,1916,writer,Q48977259,https://www.wikidata.org/wiki/Q48977259
Kshirod Chandra Roy Chowdhury,1916,writer,Q48639436,https://www.wikidata.org/wiki/Q48639436
Lalmohan Bhattacharya,1916,writer,Q51727382,https://www.wikidata.org/wiki/Q51727382
Nistarini Debi,1916,writer,Q125341300,https://www.wikidata.org/wiki/Q125341300
Priyanath Sen,1916,writer,Q50276595,https://www.wikidata.org/wiki/Q50276595
Rajanikanta Chakraborty,1916,writer,Q48016521,https://www.wikidata.org/wiki/Q48016521
Trailokyanath Sanyal,1916,writer,Q7832835,https://www.wikidata.org/wiki/Q7832835
Akshay Chandra Sarkar,1917,poet|writer,Q4701806,https://www.wikidata.org/wiki/Q4701806
Govinda Chandra Ray,1917,writer,Q48689408,https://www.wikidata.org/wiki/Q48689408
Sarada Charan Mitra,1917,writer,Q54551524,https://www.wikidata.org/wiki/Q54551524
Sarat Chandra Das,1917,novelist|writer,Q2471848,https://www.wikidata.org/wiki/Q2471848
Abdul Jabbar,1918,writer,Q26217791,https://www.wikidata.org/wiki/Q26217791
Ajit Kumar Chakraborty,1918,essayist|writer,Q13056805,https://www.wikidata.org/wiki/Q13056805
Anangamohini Devi,1918,poet|writer,Q40688632,https://www.wikidata.org/wiki/Q40688632
Gobinda Chandra Das,1918,poet|writer,Q18987601,https://www.wikidata.org/wiki/Q18987601
Gooroodas Banerjee,1918,writer,Q5584016,https://www.wikidata.org/wiki/Q5584016
Kashi Chandra Vidyaratna,1918,writer,Q48222477,https://www.wikidata.org/wiki/Q48222477
Kiranlekha Rai,1918,writer,Q28016331,https://www.wikidata.org/wiki/Q28016331
Kshetramohan Sengupta,1918,essayist|writer,Q48641169,https://www.wikidata.org/wiki/Q48641169
Parbati Sankar Roy Choudhury,1918,writer,Q7136340,https://www.wikidata.org/wiki/Q7136340
Radha Gobinda Kar,1918,writer,Q7280172,https://www.wikidata.org/wiki/Q7280172
Ram Sharma,1918,novelist|poet|writer,Q7288588,https://www.wikidata.org/wiki/Q7288588
Sheikh Abdul Jabbar,1918,writer,Q16346709,https://www.wikidata.org/wiki/Q16346709
Shyamakanta Bandyopadhyay,1918,writer,Q7554642,https://www.wikidata.org/wiki/Q7554642
Swami Pragyananda,1918,writer,Q108405954,https://www.wikidata.org/wiki/Q108405954
Akshay Kumar Boral,1919,poet|writer,Q4701812,https://www.wikidata.org/wiki/Q4701812
Amar Chandra Dutta,1919,writer,Q131439198,https://www.wikidata.org/wiki/Q131439198
Anath Krishna Deb,1919,writer,Q117054269,https://www.wikidata.org/wiki/Q117054269
Debendrabijay Basu,1919,writer,Q120052914,https://www.wikidata.org/wiki/Q120052914
Kaliprasanna Chattopadhyay,1919,journalist|writer,Q48205213,https://www.wikidata.org/wiki/Q48205213
Krishnabhabini Das,1919,writer,Q28034733,https://www.wikidata.org/wiki/Q28034733
Labanyaprabha Bose,1919,writer,Q33223579,https://www.wikidata.org/wiki/Q33223579
Manoranjan Guhathakurta,1919,writer,Q50410971,https://www.wikidata.org/wiki/Q50410971
Nagendranath Sen,1919,writer,Q49991669,https://www.wikidata.org/wiki/Q49991669
Panchanan Bhattacharya,1919,writer,Q7130273,https://www.wikidata.org/wiki/Q7130273
Rajendra Chandra Shastri,1919,writer,Q50615098,https://www.wikidata.org/wiki/Q50615098
Ramendra Sundar Tribedi,1919,essayist|writer,Q7289358,https://www.wikidata.org/wiki/Q7289358
Shibnath Shastri,1919,essayist|novelist|poet|writer,Q7532389,https://www.wikidata.org/wiki/Q7532389
Troilokyanath Mukhopadhyay,1919,writer,Q13058187,https://www.wikidata.org/wiki/Q13058187
Upendranath Mukhopadhyay,1919,writer,Q22338586,https://www.wikidata.org/wiki/Q22338586
Ajitnath Nyayratna,1920,writer,Q115188938,https://www.wikidata.org/wiki/Q115188938
Amulya Krishna Ghosh,1920,writer,Q40728048,https://www.wikidata.org/wiki/Q40728048
Bipin Behari Goswami,1920,poet|writer,Q115188963,https://www.wikidata.org/wiki/Q115188963
Chandra Sekhar Sen,1920,writer,Q48793105,https://www.wikidata.org/wiki/Q48793105
Debendranath Sen,1920,poet|writer,Q13058261,https://www.wikidata.org/wiki/Q13058261
Debiprasanna Roy Chowdhury,1920,essayist|novelist|writer,Q49741990,https://www.wikidata.org/wiki/Q49741990
Haripada Chattopadhyay,1920,playwright,Q117038840,https://www.wikidata.org/wiki/Q117038840
Jadunath Bhattacharya,1920,writer,Q111985841,https://www.wikidata.org/wiki/Q111985841
Pratap Chandra Ghosh,1920,novelist|writer,Q18910959,https://www.wikidata.org/wiki/Q18910959
Priyanath Bose,1920,writer,Q7246500,https://www.wikidata.org/wiki/Q7246500
Saratkumari Choudhurani,1920,writer,Q33137395,https://www.wikidata.org/wiki/Q33137395
Satish Chandra Acharya,1920,writer,Q52512058,https://www.wikidata.org/wiki/Q52512058
Soudamini Debi,1920,writer,Q40621545,https://www.wikidata.org/wiki/Q40621545
Biharilal Sarkar,1921,writer,Q27685890,https://www.wikidata.org/wiki/Q27685890
Dwijendranath Basu,1921,writer,Q49746622,https://www.wikidata.org/wiki/Q49746622
Jibendra Kumar Dutta,1921,poet,Q134586625,https://www.wikidata.org/wiki/Q134586625
Radhanath Mitra,1921,novelist|playwright|writer,Q50807317,https://www.wikidata.org/wiki/Q50807317
Ramnath Vidyaratna,1921,writer,Q51678436,https://www.wikidata.org/wiki/Q51678436
Suresh Chandra Samajpati,1921,writer,Q54555723,https://www.wikidata.org/wiki/Q54555723
Swami Prajnanananda Saraswati,1921,writer,Q23900936,https://www.wikidata.org/wiki/Q23900936
Azimuddin Hanafi,1922,poet|writer,Q117327104,https://www.wikidata.org/wiki/Q117327104
Chandra Shekar Mukhopadhyay,1922,writer,Q37607475,https://www.wikidata.org/wiki/Q37607475
Girija Bhushan Bhattacharya,1922,novelist|writer,Q131626703,https://www.wikidata.org/wiki/Q131626703
Indira Debi,1922,writer,Q13057210,https://www.wikidata.org/wiki/Q13057210
Motilal Ghose,1922,journalist,Q140480435,https://www.wikidata.org/wiki/Q140480435
Nabin Chandra Mukhopadhyay,1922,poet,Q50082509,https://www.wikidata.org/wiki/Q50082509
Purna Chandra Chattopadhyay,1922,novelist|writer,Q50221495,https://www.wikidata.org/wiki/Q50221495
Satyendranath Dutta,1922,playwright|poet|writer,Q7426956,https://www.wikidata.org/wiki/Q7426956
Uma Charan Das,1922,writer,Q125292357,https://www.wikidata.org/wiki/Q125292357
Akshay Kumar Sen,1923,writer,Q4701807,https://www.wikidata.org/wiki/Q4701807
Ashwini Kumar Dutta,1923,writer,Q4806203,https://www.wikidata.org/wiki/Q4806203
Bimala Dasgupta,1923,writer,Q50380388,https://www.wikidata.org/wiki/Q50380388
Kishorimohan Bakchi,1923,writer,Q125914947,https://www.wikidata.org/wiki/Q125914947
Mohammad Najibar Rahman,1923,novelist|writer,Q13059462,https://www.wikidata.org/wiki/Q13059462
Panchkari Bandyopadhyay,1923,novelist|writer,Q43550708,https://www.wikidata.org/wiki/Q43550708
Satyendranath Tagore,1923,writer,Q7426958,https://www.wikidata.org/wiki/Q7426958
Sukumar Ray,1923,playwright|poet|writer,Q735112,https://www.wikidata.org/wiki/Q735112
Ashutosh Mukherjee,1924,essayist,Q4806139,https://www.wikidata.org/wiki/Q4806139
Girindramohini Dasi,1924,journalist|playwright|poet|writer,Q13057743,https://www.wikidata.org/wiki/Q13057743
Leelabati Mitra,1924,writer,Q108405983,https://www.wikidata.org/wiki/Q108405983
Manmohan Ghose,1924,poet|writer,Q15524722,https://www.wikidata.org/wiki/Q15524722
Chandrashekhar Kali,1925,writer,Q48791741,https://www.wikidata.org/wiki/Q48791741
Chittaranjan Das,1925,essayist|poet|writer,Q560182,https://www.wikidata.org/wiki/Q560182
Dakshinacharan Sen,1925,writer,Q49428831,https://www.wikidata.org/wiki/Q49428831
Gokul Chandra Nag,1925,writer,Q48688562,https://www.wikidata.org/wiki/Q48688562
Hironmoyee Devi,1925,writer,Q134954035,https://www.wikidata.org/wiki/Q134954035
Jnansharan Chakrabarty,1925,writer,Q48977753,https://www.wikidata.org/wiki/Q48977753
Jyotirindranath Tagore,1925,playwright|writer,Q6319456,https://www.wikidata.org/wiki/Q6319456
Saroj Nalini Dutt,1925,writer,Q7424438,https://www.wikidata.org/wiki/Q7424438
Yajneshwar Bandyopadhyay,1925,writer,Q50565554,https://www.wikidata.org/wiki/Q50565554
Abdul Aziz,1926,writer,Q23614955,https://www.wikidata.org/wiki/Q23614955
Dwijendranath Tagore,1926,essayist|poet,Q5318288,https://www.wikidata.org/wiki/Q5318288
Haran Chandra Rakshit,1926,novelist|writer,Q54568283,https://www.wikidata.org/wiki/Q54568283
Jagadindra Nath Roy,1926,writer,Q29426888,https://www.wikidata.org/wiki/Q29426888
Kedarnath Majumder,1926,journalist|writer,Q48636955,https://www.wikidata.org/wiki/Q48636955
Qazi Imdadul Haq,1926,novelist|writer,Q7267288,https://www.wikidata.org/wiki/Q7267288
Sarachchandra Choudhury,1926,poet|writer,Q28059826,https://www.wikidata.org/wiki/Q28059826
Sarojkumari Devi,1926,poet|writer,Q33199775,https://www.wikidata.org/wiki/Q33199775
Satish Chandra Siddhantabhushan,1926,writer,Q134175202,https://www.wikidata.org/wiki/Q134175202
Shashibhushan Chattopadhyay,1926,writer,Q54346343,https://www.wikidata.org/wiki/Q54346343
Indumati Ghosh,1927,writer,Q54576646,https://www.wikidata.org/wiki/Q54576646
Kshirod Prasad Vidyavinod,1927,novelist|playwright|writer,Q6440793,https://www.wikidata.org/wiki/Q6440793
Narayan Chandra Bhattacharya,1927,novelist|writer,Q50166626,https://www.wikidata.org/wiki/Q50166626
Paramesh Prasanna Roy,1927,writer,Q106135414,https://www.wikidata.org/wiki/Q106135414
Rakhal Chandra Chattopadhyay,1927,writer,Q120448204,https://www.wikidata.org/wiki/Q120448204
Rampran Gupta,1927,writer,Q51678945,https://www.wikidata.org/wiki/Q51678945
Yogindranath Basu,1927,poet|writer,Q16346391,https://www.wikidata.org/wiki/Q16346391
Baikunthanath Ghosh,1928,writer,Q125446037,https://www.wikidata.org/wiki/Q125446037
Jogindranath Samaddar,1928,writer,Q28771253,https://www.wikidata.org/wiki/Q28771253
Priyadarshan Haldar,1928,poet|writer,Q99469695,https://www.wikidata.org/wiki/Q99469695
Rasamay Laha,1928,playwright|poet,Q100014890,https://www.wikidata.org/wiki/Q100014890
Shashadhar Tarkachuramani,1928,writer,Q27919122,https://www.wikidata.org/wiki/Q27919122
Shashanka Mohan Sen,1928,writer,Q54344372,https://www.wikidata.org/wiki/Q54344372
Amritlal Basu,1929,playwright|poet,Q13056855,https://www.wikidata.org/wiki/Q13056855
Deb Kumar Roy Chowdhury,1929,writer,Q49738088,https://www.wikidata.org/wiki/Q49738088
Kalikrishna Bhattacharya,1929,writer,Q136359220,https://www.wikidata.org/wiki/Q136359220
Kaliprasanna Bandyopadhyay,1929,writer,Q137397587,https://www.wikidata.org/wiki/Q137397587
Lalit Kumar Bandyopadhyay,1929,writer,Q51726270,https://www.wikidata.org/wiki/Q51726270
Mahendranath Karan,1929,writer,Q54612832,https://www.wikidata.org/wiki/Q54612832
Mahima Niranjan Chakraborty,1929,writer,Q118287173,https://www.wikidata.org/wiki/Q118287173
Manilal Gangopadhyay,1929,writer,Q50396550,https://www.wikidata.org/wiki/Q50396550
Nishikanta Basu Roy,1929,playwright|writer,Q28771242,https://www.wikidata.org/wiki/Q28771242
Ramprasanna Bandyopadhyay,1929,writer,Q51678789,https://www.wikidata.org/wiki/Q51678789
Sarasibala Basu,1929,novelist|poet|writer,Q7423208,https://www.wikidata.org/wiki/Q7423208
Satish Chandra Ghosh,1929,writer,Q54541469,https://www.wikidata.org/wiki/Q54541469
Subodh Chandra Majumdar,1929,writer,Q97144103,https://www.wikidata.org/wiki/Q97144103
Sudhindranath Tagore,1929,novelist|writer,Q27883154,https://www.wikidata.org/wiki/Q27883154
Akshay Kumar Maitreya,1930,writer,Q4701814,https://www.wikidata.org/wiki/Q4701814
Chunilal Bose,1930,writer,Q48796747,https://www.wikidata.org/wiki/Q48796747
Harish Chandra Niyogi,1930,poet,Q54567307,https://www.wikidata.org/wiki/Q54567307
Kuladananda Brahmachari,1930,writer,Q64343454,https://www.wikidata.org/wiki/Q64343454
Mokshadayini Mukhopadhyay,1930,journalist|writer,Q31725397,https://www.wikidata.org/wiki/Q31725397
Pramathalal Sen,1930,writer,Q7238243,https://www.wikidata.org/wiki/Q7238243
Rakhaldas Bandyopadhyay,1930,novelist|writer,Q7286651,https://www.wikidata.org/wiki/Q7286651
Satish Chandra Sengupta,1930,writer,Q134162081,https://www.wikidata.org/wiki/Q134162081
Syed Abul Hossain,1930,poet|writer,Q120448692,https://www.wikidata.org/wiki/Q120448692
Uma Gupta,1930,poet|writer,Q13057266,https://www.wikidata.org/wiki/Q13057266
Abatar Chandra Laha,1931,writer,Q40725212,https://www.wikidata.org/wiki/Q40725212
Gurunath Vidyanidhi,1931,writer,Q5620528,https://www.wikidata.org/wiki/Q5620528
Haraprasad Shastri,1931,novelist|writer,Q3349834,https://www.wikidata.org/wiki/Q3349834
Hem Chandra Mukhopadhyay,1931,writer,Q54570154,https://www.wikidata.org/wiki/Q54570154
Ismail Hossain Siraji,1931,poet|writer,Q6084734,https://www.wikidata.org/wiki/Q6084734
Kanchanmala Bandyopadhyay,1931,writer,Q26990212,https://www.wikidata.org/wiki/Q26990212
Phul Kumari Gupta,1931,poet|writer,Q50277113,https://www.wikidata.org/wiki/Q50277113
Rasamoy Mitra,1931,writer,Q108405642,https://www.wikidata.org/wiki/Q108405642
Satish Chandra Mitra,1931,poet|writer,Q28771241,https://www.wikidata.org/wiki/Q28771241
Satish Chandra Roy,1931,poet,Q111754634,https://www.wikidata.org/wiki/Q111754634
Sheikh Abdur Rahim,1931,writer,Q7492888,https://www.wikidata.org/wiki/Q7492888
Surendranath Majumder,1931,writer,Q139815844,https://www.wikidata.org/wiki/Q139815844
Aghornath Chattopadhyay,1932,writer,Q40677631,https://www.wikidata.org/wiki/Q40677631
Bipin Chandra Pal,1932,essayist|writer,Q684198,https://www.wikidata.org/wiki/Q684198
Durgadas Lahiri,1932,writer,Q23011133,https://www.wikidata.org/wiki/Q23011133
Fakir Chandra Chattopadhyay,1932,writer,Q50276906,https://www.wikidata.org/wiki/Q50276906
Hem Chandra Sarkar,1932,essayist,Q18911485,https://www.wikidata.org/wiki/Q18911485
Jadunath Majumdar,1932,writer,Q23942329,https://www.wikidata.org/wiki/Q23942329
Krishna Kamal Bhattacharya,1932,writer,Q13057543,https://www.wikidata.org/wiki/Q13057543
Mahendranath Gupta,1932,writer,Q3630277,https://www.wikidata.org/wiki/Q3630277
Nikhil Nath Roy,1932,writer,Q24037747,https://www.wikidata.org/wiki/Q24037747
Padmasinha Sharma,1932,poet|writer,Q140043739,https://www.wikidata.org/wiki/Q140043739
Phanindra Nath Bose,1932,writer,Q28113447,https://www.wikidata.org/wiki/Q28113447
Prabhat Kumar Mukhopadhyay,1932,novelist|poet|writer,Q7252311,https://www.wikidata.org/wiki/Q7252311
Rokeya Sakhawat Hossain,1932,writer,Q467083,https://www.wikidata.org/wiki/Q467083
Satish Chandra Ghatak,1932,writer,Q133836635,https://www.wikidata.org/wiki/Q133836635
Suniti Devi,1932,poet|writer,Q2802318,https://www.wikidata.org/wiki/Q2802318
Swarnakumari Devi,1932,novelist|playwright|poet|writer,Q7585343,https://www.wikidata.org/wiki/Q7585343
Bholanath Roy,1933,playwright|writer,Q42795466,https://www.wikidata.org/wiki/Q42795466
Biharilal Mitra,1933,writer,Q119892556,https://www.wikidata.org/wiki/Q119892556
Girindra Chandra Basu,1933,writer,Q140411657,https://www.wikidata.org/wiki/Q140411657
Jagadananda Roy,1933,essayist|writer,Q3351811,https://www.wikidata.org/wiki/Q3351811
Kamini Roy,1933,playwright|poet|writer,Q3347319,https://www.wikidata.org/wiki/Q3347319
Mohammad Mozammel Huq,1933,poet,Q6802826,https://www.wikidata.org/wiki/Q6802826
Muralidhar Bandyopadhyay,1933,writer,Q110260612,https://www.wikidata.org/wiki/Q110260612
Rabindranath Maitra,1933,writer,Q28732594,https://www.wikidata.org/wiki/Q28732594
Surabala Ghosh,1933,poet,Q54554569,https://www.wikidata.org/wiki/Q54554569
Aparesh Chandra Mukhopadhyay,1934,playwright|writer,Q13056828,https://www.wikidata.org/wiki/Q13056828
Atulprasad Sen,1934,poet|writer,Q4818810,https://www.wikidata.org/wiki/Q4818810
Bimal Sen,1934,writer,Q31727862,https://www.wikidata.org/wiki/Q31727862
Dwijadas Dutta,1934,writer,Q49745834,https://www.wikidata.org/wiki/Q49745834
Janakinath Bose,1934,playwright,Q16006056,https://www.wikidata.org/wiki/Q16006056
Kamal Krisha Smrititirtha,1934,writer,Q42298340,https://www.wikidata.org/wiki/Q42298340
Mukunda Das,1934,playwright|poet,Q6933657,https://www.wikidata.org/wiki/Q6933657
Prabodh Chandra De,1934,writer,Q50223427,https://www.wikidata.org/wiki/Q50223427
Priya Kumar Chattopadhyay,1934,playwright|writer,Q50276542,https://www.wikidata.org/wiki/Q50276542
Rakhal Chandra Sen,1934,writer,Q133274857,https://www.wikidata.org/wiki/Q133274857
Anath Nath Basu,1935,writer,Q28771254,https://www.wikidata.org/wiki/Q28771254
Debaprasad Sarbadhikari,1935,writer,Q49739135,https://www.wikidata.org/wiki/Q49739135
Dinanath Sanyal,1935,writer,Q49451869,https://www.wikidata.org/wiki/Q49451869
Dinendranath Tagore,1935,poet,Q5278039,https://www.wikidata.org/wiki/Q5278039
Haridas Halder,1935,writer,Q54556103,https://www.wikidata.org/wiki/Q54556103
Hemendralal Roy,1935,writer,Q54570739,https://www.wikidata.org/wiki/Q54570739
Ishan Chandra Ghosh,1935,writer,Q27646259,https://www.wikidata.org/wiki/Q27646259
Krishnalal Bysack,1935,writer,Q110260584,https://www.wikidata.org/wiki/Q110260584
Nibaran Chandra Dashgupta,1935,writer,Q50168846,https://www.wikidata.org/wiki/Q50168846
Nigamananda Paramahansa,1935,writer,Q3349415,https://www.wikidata.org/wiki/Q3349415
Pramatha Nath Bose,1935,essayist|playwright,Q7238244,https://www.wikidata.org/wiki/Q7238244
Priyambada Devi,1935,writer,Q13058663,https://www.wikidata.org/wiki/Q13058663
Rajendranath Vidyabhushan,1935,essayist|writer,Q24037932,https://www.wikidata.org/wiki/Q24037932
Samarendra Chandra Dev Burman,1935,poet|writer,Q26493350,https://www.wikidata.org/wiki/Q26493350
Satyacharan Shasri,1935,writer,Q28771246,https://www.wikidata.org/wiki/Q28771246
Surya Kumar Tarka Saraswati,1935,writer,Q140248393,https://www.wikidata.org/wiki/Q140248393
Tarakishore Choudhury,1935,poet|writer,Q54544213,https://www.wikidata.org/wiki/Q54544213
Abinash Chandra Das,1936,novelist|playwright|writer,Q40725637,https://www.wikidata.org/wiki/Q40725637
Atal Bihari Ghosh,1936,writer,Q40685209,https://www.wikidata.org/wiki/Q40685209
Dhan Gopal Mukerji,1936,novelist|playwright|writer,Q5268884,https://www.wikidata.org/wiki/Q5268884
Haricharan Gangopadhyay,1936,writer,Q140322536,https://www.wikidata.org/wiki/Q140322536
Jatindra Mohan Roy,1936,writer,Q124935967,https://www.wikidata.org/wiki/Q124935967
Krishna Chandra Smrititeertha,1936,writer,Q125964361,https://www.wikidata.org/wiki/Q125964361
Mohammad Lutfur Rahman,1936,novelist|poet|writer,Q6892154,https://www.wikidata.org/wiki/Q6892154
Mohini Mohun Chatterji,1936,writer,Q2341586,https://www.wikidata.org/wiki/Q2341586
Puran Chand Nahar,1936,writer,Q50221147,https://www.wikidata.org/wiki/Q50221147
Sheikh Fazlul Karim,1936,poet|writer,Q7492916,https://www.wikidata.org/wiki/Q7492916
Taraknath Sadhu,1936,novelist|writer,Q49262646,https://www.wikidata.org/wiki/Q49262646
Ashwini Kumar Chattopadhyay,1937,writer,Q119409272,https://www.wikidata.org/wiki/Q119409272
Bipinbihari Nandi,1937,poet,Q113677691,https://www.wikidata.org/wiki/Q113677691
Jagadish Chandra Bose,1937,essayist|writer,Q314267,https://www.wikidata.org/wiki/Q314267
Jatindra Mohan Singha,1937,writer,Q50569307,https://www.wikidata.org/wiki/Q50569307
Jogindranath Sarkar,1937,poet|writer,Q13059503,https://www.wikidata.org/wiki/Q13059503
Kshitindranath Tagore,1937,essayist|poet|writer,Q32985307,https://www.wikidata.org/wiki/Q32985307
Kuladaprasad Mallik,1937,poet|writer,Q48623294,https://www.wikidata.org/wiki/Q48623294
Shaikh Jamiruddin,1937,writer,Q81399794,https://www.wikidata.org/wiki/Q81399794
Shobhanasundari Mukhopadhyay,1937,writer,Q40528040,https://www.wikidata.org/wiki/Q40528040
Swami Akhandananda,1937,writer,Q7653157,https://www.wikidata.org/wiki/Q7653157
Taraknath Biswas,1937,novelist|writer,Q27560623,https://www.wikidata.org/wiki/Q27560623
Abul Hussain,1938,writer,Q25588067,https://www.wikidata.org/wiki/Q25588067
Bhupendranath Bandyopadhyay,1938,playwright,Q50384392,https://www.wikidata.org/wiki/Q50384392
Charu Chandra Bandyopadhyay,1938,essayist|novelist|playwright|writer,Q32126160,https://www.wikidata.org/wiki/Q32126160
Dhirendranath Choudhury,1938,writer,Q5269613,https://www.wikidata.org/wiki/Q5269613
Durgacharan Rakshit,1938,writer,Q140030253,https://www.wikidata.org/wiki/Q140030253
Harisadhan Mukhopadhyay,1938,writer,Q31170338,https://www.wikidata.org/wiki/Q31170338
Nagendranath Basu,1938,novelist|playwright|poet|writer,Q16023277,https://www.wikidata.org/wiki/Q16023277
Nibaran Chandra Dasgupta,1938,writer,Q50186205,https://www.wikidata.org/wiki/Q50186205
Padmanath Bhattacharya,1938,essayist|writer,Q16023330,https://www.wikidata.org/wiki/Q16023330
Ramdayal Majumder,1938,writer,Q51666328,https://www.wikidata.org/wiki/Q51666328
Sarat Chandra Chattopadhyay,1938,novelist|playwright|writer,Q404622,https://www.wikidata.org/wiki/Q404622
Shibratan Mitra,1938,writer,Q54347756,https://www.wikidata.org/wiki/Q54347756
Abanindra Krishna Basu,1939,writer,Q126124830,https://www.wikidata.org/wiki/Q126124830
Ashraf Ali Khan,1939,journalist|poet|writer,Q31734292,https://www.wikidata.org/wiki/Q31734292
Atul Chandra Ghatak,1939,writer,Q120372399,https://www.wikidata.org/wiki/Q120372399
Banoarilal Goswami,1939,writer,Q50368201,https://www.wikidata.org/wiki/Q50368201
Debendranath Basu,1939,playwright|writer,Q49743687,https://www.wikidata.org/wiki/Q49743687
Dinesh Chandra Sen,1939,novelist|writer,Q5278071,https://www.wikidata.org/wiki/Q5278071
Ganapati Chakraborty,1939,writer,Q19665768,https://www.wikidata.org/wiki/Q19665768
Girish Chandra Bose,1939,writer,Q48688386,https://www.wikidata.org/wiki/Q48688386
Indira Debi,1939,writer,Q112033729,https://www.wikidata.org/wiki/Q112033729
Jaladhar Sen,1939,novelist|writer,Q13057927,https://www.wikidata.org/wiki/Q13057927
Jnanendramohan Das,1939,writer,Q28058207,https://www.wikidata.org/wiki/Q28058207
Manmatha Nath Ray Chowdhury,1939,writer,Q19361491,https://www.wikidata.org/wiki/Q19361491
Mir Fazl Ali,1939,writer,Q28771256,https://www.wikidata.org/wiki/Q28771256
Navkrishna Bhattacharya,1939,writer,Q49996982,https://www.wikidata.org/wiki/Q49996982
Phanindranath Paul,1939,writer,Q50277076,https://www.wikidata.org/wiki/Q50277076
Prasannamoyee Devi,1939,poet|writer,Q33134561,https://www.wikidata.org/wiki/Q33134561
Saralabala Mitra,1939,writer,Q54546059,https://www.wikidata.org/wiki/Q54546059
Surendra Chakraborty,1939,writer,Q140232217,https://www.wikidata.org/wiki/Q140232217
Swami Abhedananda,1939,writer,Q578792,https://www.wikidata.org/wiki/Q578792
Amulyacharan Vidyabhushan,1940,essayist|writer,Q15725484,https://www.wikidata.org/wiki/Q15725484
Azizunnessa Khatun,1940,poet|writer,Q42791238,https://www.wikidata.org/wiki/Q42791238
Bhujangadhar Roy Chowdhury,1940,poet|writer,Q50384104,https://www.wikidata.org/wiki/Q50384104
Mohammad Yakub Ali Choudhury,1940,writer,Q13059448,https://www.wikidata.org/wiki/Q13059448
Mujibur Rahman Khan,1940,journalist,Q27835027,https://www.wikidata.org/wiki/Q27835027
Nagendranath Gupta,1940,journalist|novelist|writer,Q16345649,https://www.wikidata.org/wiki/Q16345649
Nagendranath Som,1940,writer,Q49992847,https://www.wikidata.org/wiki/Q49992847
Naliniranjan Pandit,1940,writer,Q50165905,https://www.wikidata.org/wiki/Q50165905
Panchanan Tarkaratna,1940,writer,Q24037791,https://www.wikidata.org/wiki/Q24037791
Shyamacharan Kabiratna,1940,writer,Q24038609,https://www.wikidata.org/wiki/Q24038609
Surendranath Tagore,1940,writer,Q19361492,https://www.wikidata.org/wiki/Q19361492
Bhuluya Baba,1941,poet,Q137213553,https://www.wikidata.org/wiki/Q137213553
Bijoy Chand Mahtab,1941,playwright|poet|writer,Q15996467,https://www.wikidata.org/wiki/Q15996467
Dinesh Ranjan Das,1941,writer,Q49467498,https://www.wikidata.org/wiki/Q49467498
Gurusaday Dutt,1941,writer,Q15070174,https://www.wikidata.org/wiki/Q15070174
Jnanadanandini Devi,1941,journalist|writer,Q20739715,https://www.wikidata.org/wiki/Q20739715
Jogesh Chandra Chowdhury,1941,playwright,Q50589908,https://www.wikidata.org/wiki/Q50589908
Khagendranath Chattopadhyay,1941,writer,Q137393567,https://www.wikidata.org/wiki/Q137393567
Prangopal Goswami,1941,writer,Q50273625,https://www.wikidata.org/wiki/Q50273625
Rabindranath Tagore,1941,essayist|novelist|playwright|poet|writer,Q7241,https://www.wikidata.org/wiki/Q7241
Ramkrishna Ganguly,1941,poet,Q119869030,https://www.wikidata.org/wiki/Q119869030
Satish Chandra Deb,1941,writer,Q119988057,https://www.wikidata.org/wiki/Q119988057
Suresh Chandra Bandyopadhyay,1941,writer,Q133730885,https://www.wikidata.org/wiki/Q133730885
Bijay Chandra Majumdar,1942,poet|writer,Q18341029,https://www.wikidata.org/wiki/Q18341029
Haradayal Nag,1942,writer,Q140319456,https://www.wikidata.org/wiki/Q140319456
Hirendranath Dutta,1942,playwright|writer,Q37941388,https://www.wikidata.org/wiki/Q37941388
Kaliprasanna Dasgupta,1942,novelist|writer,Q48210845,https://www.wikidata.org/wiki/Q48210845
Lajjabati Bose,1942,writer,Q33222865,https://www.wikidata.org/wiki/Q33222865
Pannisseri Nanu Pillai,1942,poet,Q1088645,https://www.wikidata.org/wiki/Q1088645
Pratap Chandra Dutta,1942,writer,Q118174934,https://www.wikidata.org/wiki/Q118174934
Sailendranath Sircar,1942,playwright|writer,Q15996347,https://www.wikidata.org/wiki/Q15996347
Sarat Chandra Chakravarty,1942,writer,Q15995860,https://www.wikidata.org/wiki/Q15995860
Sarat Chandra Roy,1942,writer,Q13121390,https://www.wikidata.org/wiki/Q13121390
Satyananda Das,1942,writer,Q85967206,https://www.wikidata.org/wiki/Q85967206
Somen Chanda,1942,writer,Q13060137,https://www.wikidata.org/wiki/Q13060137
Surendramohan Bhattacharjee,1942,novelist|poet|writer,Q28072785,https://www.wikidata.org/wiki/Q28072785
Surendranath Ghoshal,1942,playwright|poet,Q140235061,https://www.wikidata.org/wiki/Q140235061
Aghor Chandra Kavyatirtha,1943,playwright,Q40677063,https://www.wikidata.org/wiki/Q40677063
Ajay Bhattacharya,1943,poet,Q13056801,https://www.wikidata.org/wiki/Q13056801
Annadacharan Tarkabageesh,1943,writer,Q131436828,https://www.wikidata.org/wiki/Q131436828
Ashutosh Majumder,1943,writer,Q99507222,https://www.wikidata.org/wiki/Q99507222
Brajamohan Das,1943,novelist|writer,Q50383842,https://www.wikidata.org/wiki/Q50383842
Charu Chandra Mitra,1943,playwright|writer,Q28771251,https://www.wikidata.org/wiki/Q28771251
Dinendra Kumar Ray,1943,novelist|writer,Q13058235,https://www.wikidata.org/wiki/Q13058235
Hemlata Devi,1943,writer,Q28837844,https://www.wikidata.org/wiki/Q28837844
Kumudini Basu,1943,essayist|writer,Q48622814,https://www.wikidata.org/wiki/Q48622814
Lila Debi,1943,writer,Q51727566,https://www.wikidata.org/wiki/Q51727566
Mankumari Basu,1943,poet|writer,Q3612925,https://www.wikidata.org/wiki/Q3612925
Narayan Chandra Bandyopadhyay,1943,writer,Q133365034,https://www.wikidata.org/wiki/Q133365034
Pramathanath Mallik,1943,poet|writer,Q50225059,https://www.wikidata.org/wiki/Q50225059
Rakhal Chandra Chakraborty,1943,writer,Q26335959,https://www.wikidata.org/wiki/Q26335959
Ramananda Chatterjee,1943,writer,Q7288920,https://www.wikidata.org/wiki/Q7288920
Surama Sundari Ghosh,1943,poet,Q54554606,https://www.wikidata.org/wiki/Q54554606
Ashutosh Chowdhury,1944,writer,Q13057147,https://www.wikidata.org/wiki/Q13057147
Gananath Sen,1944,writer,Q48685980,https://www.wikidata.org/wiki/Q48685980
Mahesh Chandra Bhattacharya,1944,writer,Q50498427,https://www.wikidata.org/wiki/Q50498427
Nirmalshib Bandyopadhyay,1944,playwright|writer,Q28771252,https://www.wikidata.org/wiki/Q28771252
Prafulla Chandra Ray,1944,essayist,Q3351086,https://www.wikidata.org/wiki/Q3351086
Prafulla Kumar Sarkar,1944,writer,Q50223284,https://www.wikidata.org/wiki/Q50223284
Pramathanath Tarkabhushan,1944,essayist|writer,Q50224384,https://www.wikidata.org/wiki/Q50224384
Sarasilal Sarkar,1944,writer,Q139824820,https://www.wikidata.org/wiki/Q139824820
Sarojnath Ghosh,1944,writer,Q120487748,https://www.wikidata.org/wiki/Q120487748
Shachish Chandra Chattapadhyay,1944,novelist|writer,Q27554471,https://www.wikidata.org/wiki/Q27554471
Anath Gopal Sen,1945,writer,Q131436958,https://www.wikidata.org/wiki/Q131436958
Girija Kumar Basu,1945,poet,Q117378989,https://www.wikidata.org/wiki/Q117378989
Jatindra Mohan Roy,1945,writer,Q23681787,https://www.wikidata.org/wiki/Q23681787
Kanak Bhushan Mukhopadhyay,1945,poet,Q134547768,https://www.wikidata.org/wiki/Q134547768
Munindra Deb Roy,1945,writer,Q50505111,https://www.wikidata.org/wiki/Q50505111
Panchkari Dey,1945,novelist|writer,Q33112506,https://www.wikidata.org/wiki/Q33112506
Rajanikanta Guha,1945,writer,Q27514857,https://www.wikidata.org/wiki/Q27514857
Ruhul Amin,1945,writer,Q118115286,https://www.wikidata.org/wiki/Q118115286
Sarada Prasanna Das,1945,writer,Q139884600,https://www.wikidata.org/wiki/Q139884600
Sarala Devi Chaudhurani,1945,writer,Q7423026,https://www.wikidata.org/wiki/Q7423026
Sitanath Dutta,1945,writer,Q7531651,https://www.wikidata.org/wiki/Q7531651
Subhas Chandra Bose,1945,writer,Q2153,https://www.wikidata.org/wiki/Q2153
Surendranath Maitra,1945,writer,Q134286719,https://www.wikidata.org/wiki/Q134286719
Sushil Kumar Basu,1945,writer,Q136005163,https://www.wikidata.org/wiki/Q136005163
Ambujasundari Dasgupta,1946,writer,Q33194564,https://www.wikidata.org/wiki/Q33194564
Atul Krishna Goswami,1946,writer,Q40686328,https://www.wikidata.org/wiki/Q40686328
Bhupendra Chandra Chakraborty,1946,writer,Q25999235,https://www.wikidata.org/wiki/Q25999235
Chandra Kumar De,1946,writer,Q5071287,https://www.wikidata.org/wiki/Q5071287
Kiran Chand Chattopadhyay,1946,writer,Q48600175,https://www.wikidata.org/wiki/Q48600175
Panchugopal Mallik,1946,novelist|writer,Q133458849,https://www.wikidata.org/wiki/Q133458849
Pramatha Chaudhuri,1946,essayist|poet|writer,Q7238239,https://www.wikidata.org/wiki/Q7238239
Purna Chandra De,1946,writer,Q50221651,https://www.wikidata.org/wiki/Q50221651
Sarat Kumar Rai,1946,writer,Q7244238,https://www.wikidata.org/wiki/Q7244238
Akshay Kumar Chattopadhyay,1947,writer,Q40674176,https://www.wikidata.org/wiki/Q40674176
Hemendra Vijay Sen,1947,writer,Q105712831,https://www.wikidata.org/wiki/Q105712831
Mrinal Kanti Ghosh,1947,writer,Q50548680,https://www.wikidata.org/wiki/Q50548680
Nalini Kanta Bhattasali,1947,writer,Q16345692,https://www.wikidata.org/wiki/Q16345692
Peary Mohan Sengupta,1947,writer,Q97252424,https://www.wikidata.org/wiki/Q97252424
Priyanath Mukhopadhyay,1947,essayist|writer,Q27183960,https://www.wikidata.org/wiki/Q27183960
Rajendranath Ghosh,1947,writer,Q66774781,https://www.wikidata.org/wiki/Q66774781
Rasik Mohan Vidyabhushan,1947,writer,Q50611237,https://www.wikidata.org/wiki/Q50611237
Shashibhushan Vidyalankar,1947,writer,Q23709438,https://www.wikidata.org/wiki/Q23709438
Sukanta Bhattacharya,1947,playwright|poet|writer,Q6457087,https://www.wikidata.org/wiki/Q6457087
Atul Chandra Sen,1948,writer,Q108405917,https://www.wikidata.org/wiki/Q108405917
Benimadhab Barua,1948,writer,Q817311,https://www.wikidata.org/wiki/Q817311
Jatindramohan Bagchi,1948,poet|writer,Q6164589,https://www.wikidata.org/wiki/Q6164589
Kusumkumari Das,1948,poet|writer,Q6448228,https://www.wikidata.org/wiki/Q6448228
Prabhas Chandra Bandyopadhyay,1948,writer,Q117705092,https://www.wikidata.org/wiki/Q117705092
Benoy Kumar Sarkar,1949,essayist|writer,Q4890148,https://www.wikidata.org/wiki/Q4890148
Jaminikanta Sen,1949,writer,Q106844168,https://www.wikidata.org/wiki/Q106844168
Kanti Chandra Ghosh,1949,writer,Q56611584,https://www.wikidata.org/wiki/Q56611584
Kedarnath Bandyopadhyay,1949,poet|writer,Q48636640,https://www.wikidata.org/wiki/Q48636640
Kiran Shankar Roy,1949,writer,Q48600973,https://www.wikidata.org/wiki/Q48600973
Krishna Chandra Bhattacharya,1949,writer,Q5575290,https://www.wikidata.org/wiki/Q5575290
Pramada Ranjan Roy,1949,writer,Q138807143,https://www.wikidata.org/wiki/Q138807143
Pramathanath Roy Chowdhury,1949,playwright|poet|writer,Q37814052,https://www.wikidata.org/wiki/Q37814052
Sarajubala Sen,1949,writer,Q54545159,https://www.wikidata.org/wiki/Q54545159
Sarojini Naidu,1949,poet|writer,Q250165,https://www.wikidata.org/wiki/Q250165
Someshwar Prasad Chowdhury,1949,writer,Q54555978,https://www.wikidata.org/wiki/Q54555978
Surendranath Sen,1949,writer,Q54555543,https://www.wikidata.org/wiki/Q54555543
Annadasundari Ghosh,1950,poet|writer,Q33248861,https://www.wikidata.org/wiki/Q33248861
Aurobindo Ghosh,1950,essayist|poet|writer,Q192207,https://www.wikidata.org/wiki/Q192207
Bibhutibhushan Bandyopadhyay,1950,novelist|poet|writer,Q2900953,https://www.wikidata.org/wiki/Q2900953
Hemchandra Kanungo,1950,writer,Q16851604,https://www.wikidata.org/wiki/Q16851604
Kulada Ranjan Roy,1950,writer,Q48623861,https://www.wikidata.org/wiki/Q48623861
Manomohan Ghosh,1950,writer,Q113832187,https://www.wikidata.org/wiki/Q113832187
Panchanan Niyogi,1950,writer,Q50193290,https://www.wikidata.org/wiki/Q50193290
Prajnasundari Devi,1950,writer,Q32986435,https://www.wikidata.org/wiki/Q32986435
Rebati Mohan Sen,1950,writer,Q51707675,https://www.wikidata.org/wiki/Q51707675
Sarat Chandra Bose,1950,writer,Q4094983,https://www.wikidata.org/wiki/Q4094983
Sundari Mohan Das,1950,writer,Q21176925,https://www.wikidata.org/wiki/Q21176925
Upendranath Bandyopadhyay,1950,journalist|writer,Q43389032,https://www.wikidata.org/wiki/Q43389032
Abanindranath Tagore,1951,essayist|novelist|writer,Q691796,https://www.wikidata.org/wiki/Q691796
Advaita Mallabarmana,1951,journalist|novelist|writer,Q4686018,https://www.wikidata.org/wiki/Q4686018
Dhirendranath Mukhopadhyay,1951,poet|writer,Q106612791,https://www.wikidata.org/wiki/Q106612791
Dwijendranath Bhaduri,1951,poet,Q134806892,https://www.wikidata.org/wiki/Q134806892
Nalinimohan Sanyal,1951,novelist|writer,Q54806566,https://www.wikidata.org/wiki/Q54806566
Nirupama Devi,1951,novelist,Q16750749,https://www.wikidata.org/wiki/Q16750749
Ramkrishna Tarkatirtha,1951,writer,Q50807575,https://www.wikidata.org/wiki/Q50807575
Sheikh Wajid Ali,1951,writer,Q7387981,https://www.wikidata.org/wiki/Q7387981
Suresh Chandra Chakraborty,1951,writer,Q112036016,https://www.wikidata.org/wiki/Q112036016
Abdullah el Baqui,1952,writer,Q31723919,https://www.wikidata.org/wiki/Q31723919
Anil Chandra Roy,1952,writer,Q40689419,https://www.wikidata.org/wiki/Q40689419
Brajendranath Bandyopadhyay,1952,writer,Q23828432,https://www.wikidata.org/wiki/Q23828432
Charu Chandra Dutta,1952,writer,Q48793540,https://www.wikidata.org/wiki/Q48793540
Hemanta Kumar Sarkar,1952,writer,Q15998244,https://www.wikidata.org/wiki/Q15998244
Jatindra Mohan Sengupta,1952,novelist|writer,Q111982233,https://www.wikidata.org/wiki/Q111982233
Jnanendranath Chattopadhyay,1952,writer,Q120478755,https://www.wikidata.org/wiki/Q120478755
Kazem Al Qureshi,1952,poet|writer,Q16345221,https://www.wikidata.org/wiki/Q16345221
Manindra Mohan Bose,1952,novelist|writer,Q113398680,https://www.wikidata.org/wiki/Q113398680
Mohitlal Majumdar,1952,essayist|poet|writer,Q6894224,https://www.wikidata.org/wiki/Q6894224
Nabadwip Chandra Brajabasi,1952,writer,Q124638662,https://www.wikidata.org/wiki/Q124638662
Nesaruddin Ahmad,1952,writer,Q108405904,https://www.wikidata.org/wiki/Q108405904
Nibaran Chandra Bhattacharya,1952,writer,Q50186427,https://www.wikidata.org/wiki/Q50186427
Rebati Mohan Burman,1952,writer,Q18988897,https://www.wikidata.org/wiki/Q18988897
Shashadhar Dutta,1952,novelist|writer,Q54344093,https://www.wikidata.org/wiki/Q54344093
Srish Chandra Nandy,1952,writer,Q23618094,https://www.wikidata.org/wiki/Q23618094
Surendranath Dasgupta,1952,poet|writer,Q2564301,https://www.wikidata.org/wiki/Q2564301
Suresh Chandra Chakraborty,1952,writer,Q140242040,https://www.wikidata.org/wiki/Q140242040
Abdul Karim,1953,writer,Q4665479,https://www.wikidata.org/wiki/Q4665479
Achyut Charan Choudhury,1953,writer,Q15725461,https://www.wikidata.org/wiki/Q15725461
Girindrasekhar Bose,1953,writer,Q3107610,https://www.wikidata.org/wiki/Q3107610
Shahadat Hossain,1953,poet|writer,Q13059807,https://www.wikidata.org/wiki/Q13059807
Hamid Ali,1954,poet|writer,Q13060247,https://www.wikidata.org/wiki/Q13060247
Iseult Gonne,1954,poet|writer,Q15303126,https://www.wikidata.org/wiki/Q15303126
Jatindranath Sengupta,1954,poet|writer,Q6164593,https://www.wikidata.org/wiki/Q6164593
Jibanananda Das,1954,poet|writer,Q3116411,https://www.wikidata.org/wiki/Q3116411
Kiran Chandra Mukhopadhyay,1954,writer,Q25586217,https://www.wikidata.org/wiki/Q25586217
Mahendranath Sarkar,1954,writer,Q50497695,https://www.wikidata.org/wiki/Q50497695
Manoranjan Bhattacharya,1954,playwright,Q50411028,https://www.wikidata.org/wiki/Q50411028
Mohammad Wajed Ali,1954,writer,Q13059449,https://www.wikidata.org/wiki/Q13059449
Nagendranath Gangulee,1954,writer,Q59524655,https://www.wikidata.org/wiki/Q59524655
Niradmohini Debi,1954,poet|writer,Q50188548,https://www.wikidata.org/wiki/Q50188548
Rashid Ahmed Chowdhury,1954,writer,Q4996088,https://www.wikidata.org/wiki/Q4996088
Satyendranath Majumder,1954,essayist|writer,Q37819490,https://www.wikidata.org/wiki/Q37819490
Surendranath Gangopadhyay,1954,writer,Q134389488,https://www.wikidata.org/wiki/Q134389488
Abdul Khaleque,1955,writer,Q130940503,https://www.wikidata.org/wiki/Q130940503
Amalendu Das Gupta,1955,journalist|writer,Q13056853,https://www.wikidata.org/wiki/Q13056853
Barada Charan Gupta,1955,writer,Q19667432,https://www.wikidata.org/wiki/Q19667432
Bijay Ratna Majumder,1955,novelist|writer,Q28771255,https://www.wikidata.org/wiki/Q28771255
Durgamohan Mukhopadhyay,1955,writer,Q122721659,https://www.wikidata.org/wiki/Q122721659
Jyoti Bachaspati,1955,playwright|writer,Q48977719,https://www.wikidata.org/wiki/Q48977719
Kartik Chandra Bose,1955,writer,Q42298380,https://www.wikidata.org/wiki/Q42298380
Karunanidhan Bandyopadhyay,1955,poet|writer,Q27918267,https://www.wikidata.org/wiki/Q27918267
Munindra Prasad Sarbadhikary,1955,writer,Q120500257,https://www.wikidata.org/wiki/Q120500257
Ramnath Biswas,1955,novelist|writer,Q16346488,https://www.wikidata.org/wiki/Q16346488
Shashishekhar Basu,1955,writer,Q27918331,https://www.wikidata.org/wiki/Q27918331
Umakanta Hajari,1955,writer,Q105763661,https://www.wikidata.org/wiki/Q105763661
B. R. Ambedkar,1956,essayist|journalist|writer,Q231690,https://www.wikidata.org/wiki/Q231690
Dakshinaranjan Mitra Majumder,1956,novelist|writer,Q5210092,https://www.wikidata.org/wiki/Q5210092
Haridas Bhattacharya,1956,writer,Q5657316,https://www.wikidata.org/wiki/Q5657316
Jitendra Mohan Sen,1956,writer,Q117841666,https://www.wikidata.org/wiki/Q117841666
Mahendranath Datta,1956,writer,Q54577557,https://www.wikidata.org/wiki/Q54577557
Motaher Hussain Chowdhury,1956,writer,Q6917107,https://www.wikidata.org/wiki/Q6917107
Prabodh Chandra Bagchi,1956,writer,Q725669,https://www.wikidata.org/wiki/Q725669
Prabodh Kumar Bandyopadhyay,1956,novelist|writer,Q3115772,https://www.wikidata.org/wiki/Q3115772
Swami Premghanananda,1956,writer,Q117815017,https://www.wikidata.org/wiki/Q117815017
Syed Emdad Ali,1956,poet|writer,Q7660316,https://www.wikidata.org/wiki/Q7660316
Urmila Devi,1956,writer,Q31725134,https://www.wikidata.org/wiki/Q31725134
Yogesh Chandra Roy,1956,writer,Q37817219,https://www.wikidata.org/wiki/Q37817219
Amarendranath Roy,1957,writer,Q124968048,https://www.wikidata.org/wiki/Q124968048
Annapurna Goswami,1957,novelist|writer,Q108405815,https://www.wikidata.org/wiki/Q108405815
Dinesh Chandra Bhattacharya,1957,writer,Q49465291,https://www.wikidata.org/wiki/Q49465291
Jagadish Chandra Gupta,1957,novelist|poet|writer,Q6122090,https://www.wikidata.org/wiki/Q6122090
Pratul Chandra Ganguli,1957,writer,Q15998964,https://www.wikidata.org/wiki/Q15998964
Satish Chandra Shil,1957,writer,Q134171157,https://www.wikidata.org/wiki/Q134171157
Sunirmal Basu,1957,novelist|playwright|poet|writer,Q47008374,https://www.wikidata.org/wiki/Q47008374
Suresh Chandra Nandi,1957,writer,Q140242153,https://www.wikidata.org/wiki/Q140242153
Swami Arupananda,1957,writer,Q130478850,https://www.wikidata.org/wiki/Q130478850
Amanatulla Ahmed,1958,writer,Q97143134,https://www.wikidata.org/wiki/Q97143134
Anurupa Debi,1958,novelist|playwright|writer,Q13056819,https://www.wikidata.org/wiki/Q13056819
Haran Chandra Chakladar,1958,writer,Q123614909,https://www.wikidata.org/wiki/Q123614909
Harisadhan Chattopadhyay,1958,writer,Q13060211,https://www.wikidata.org/wiki/Q13060211
Jadunath Sarkar,1958,writer,Q2035098,https://www.wikidata.org/wiki/Q2035098
Jagadish Chandra Ghosh,1958,writer,Q60313354,https://www.wikidata.org/wiki/Q60313354
Roop Narayan Pandey,1958,journalist|poet,Q140043758,https://www.wikidata.org/wiki/Q140043758
Sarat Kumar Ghosh,1958,writer,Q130649052,https://www.wikidata.org/wiki/Q130649052
Suresh Chandra Singha,1958,writer,Q140243681,https://www.wikidata.org/wiki/Q140243681
Swami Bamdebananda,1958,writer,Q134699796,https://www.wikidata.org/wiki/Q134699796
Tarak Nath Das,1958,writer,Q3351792,https://www.wikidata.org/wiki/Q3351792
Abbas Uddin,1959,writer,Q590844,https://www.wikidata.org/wiki/Q590844
Abdul Gafur Siddiqui,1959,writer,Q100166257,https://www.wikidata.org/wiki/Q100166257
Barindra Kumar Ghosh,1959,journalist,Q4860758,https://www.wikidata.org/wiki/Q4860758
Basanta Kumar Chattopadhyay,1959,essayist|novelist|playwright|poet|writer,Q97288094,https://www.wikidata.org/wiki/Q97288094
Bidhushekhar Shastri,1959,writer,Q25586973,https://www.wikidata.org/wiki/Q25586973
Dhiraj Bhattacharya,1959,writer,Q50825422,https://www.wikidata.org/wiki/Q50825422
Haricharan Bandyopadhyay,1959,writer,Q47008357,https://www.wikidata.org/wiki/Q47008357
Lochan Prasad Pandey,1959,essayist|novelist|playwright|poet|writer,Q140053446,https://www.wikidata.org/wiki/Q140053446
Manmatha Nath Ghosh,1959,writer,Q18911526,https://www.wikidata.org/wiki/Q18911526
Sucharu Devi,1959,poet,Q15999683,https://www.wikidata.org/wiki/Q15999683
Upendranath Vidyabhushan,1959,writer,Q123468974,https://www.wikidata.org/wiki/Q123468974
Abdullah Hel Kafi,1960,writer,Q16344979,https://www.wikidata.org/wiki/Q16344979
Indira Devi Chaudhurani,1960,writer,Q26702799,https://www.wikidata.org/wiki/Q26702799
Kiran Chandra Dutta,1960,poet|writer,Q126915114,https://www.wikidata.org/wiki/Q126915114
Kshitimohan Sen,1960,writer,Q6440797,https://www.wikidata.org/wiki/Q6440797
Rajshekhar Basu,1960,essayist|writer,Q7286435,https://www.wikidata.org/wiki/Q7286435
Satish Chandra Roy,1960,writer,Q133836748,https://www.wikidata.org/wiki/Q133836748
Satya Kinkar Sahana,1960,poet|writer,Q97289447,https://www.wikidata.org/wiki/Q97289447
Shishir Nag,1960,journalist,Q20824438,https://www.wikidata.org/wiki/Q20824438
Swami Sadashivananda,1960,writer,Q124660735,https://www.wikidata.org/wiki/Q124660735
Upendranath Gangopadhyay,1960,novelist|writer,Q56604975,https://www.wikidata.org/wiki/Q56604975
Anathnath Basu,1961,writer,Q125451587,https://www.wikidata.org/wiki/Q125451587
Atindranath Basu Thakur,1961,writer,Q117343046,https://www.wikidata.org/wiki/Q117343046
Atul Chandra Gupta,1961,essayist|writer,Q13056813,https://www.wikidata.org/wiki/Q13056813
Bhupendranath Dutta,1961,writer,Q3348925,https://www.wikidata.org/wiki/Q3348925
Bimal Chandra Singha,1961,writer,Q97251031,https://www.wikidata.org/wiki/Q97251031
Bishnu Bandyopadhyay,1961,writer,Q124683333,https://www.wikidata.org/wiki/Q124683333
Charu Chandra Bhattacharya,1961,writer,Q5086961,https://www.wikidata.org/wiki/Q5086961
Dhurjati Prasad Mukerji,1961,writer,Q94402443,https://www.wikidata.org/wiki/Q94402443
Haridas Siddhanta Bagish,1961,writer,Q53989602,https://www.wikidata.org/wiki/Q53989602
Jatindra Mohan Chatterjee,1961,writer,Q97288087,https://www.wikidata.org/wiki/Q97288087
Jyotirmoy Ray,1961,writer,Q134727518,https://www.wikidata.org/wiki/Q134727518
Khagendranath Mitra,1961,writer,Q124638159,https://www.wikidata.org/wiki/Q124638159
Maya Roy,1961,writer,Q135553134,https://www.wikidata.org/wiki/Q135553134
Prabas Jeeban Choudhury,1961,writer,Q97251707,https://www.wikidata.org/wiki/Q97251707
Rajendralal Acharya,1961,writer,Q120434247,https://www.wikidata.org/wiki/Q120434247
Rathindranath Tagore,1961,writer,Q13059524,https://www.wikidata.org/wiki/Q13059524
Sachindranath Sengupta,1961,playwright|poet|writer,Q7396747,https://www.wikidata.org/wiki/Q7396747
Saralabala Sarkar,1961,poet|writer,Q28056529,https://www.wikidata.org/wiki/Q28056529
Shaikh Ghulam Maqsud Hilali,1961,writer,Q16346711,https://www.wikidata.org/wiki/Q16346711
Suresh Chandra Bandyopadhyay,1961,writer,Q140242491,https://www.wikidata.org/wiki/Q140242491
Suryakant Tripathi 'Nirala',1961,novelist|poet|writer,Q3522878,https://www.wikidata.org/wiki/Q3522878
Abinash Chandra Bhattacharya,1962,writer,Q4667431,https://www.wikidata.org/wiki/Q4667431
Amarendranath Ghosh,1962,novelist|writer,Q25588032,https://www.wikidata.org/wiki/Q25588032
Ashwini Kumar Ghosh,1962,playwright|writer,Q23009398,https://www.wikidata.org/wiki/Q23009398
Ayaskanta Baksi,1962,playwright,Q123161420,https://www.wikidata.org/wiki/Q123161420
Azizul Hakim,1962,poet,Q16344875,https://www.wikidata.org/wiki/Q16344875
Bhupendranath Sanyal,1962,writer,Q117038811,https://www.wikidata.org/wiki/Q117038811
Gopeshwar Banerjee,1962,writer,Q16002950,https://www.wikidata.org/wiki/Q16002950
Haradhan Baksi,1962,writer,Q120434067,https://www.wikidata.org/wiki/Q120434067
Hemendra Prasad Ghosh,1962,journalist|novelist|writer,Q55130407,https://www.wikidata.org/wiki/Q55130407
Kumudbandhu Sen,1962,writer,Q134122462,https://www.wikidata.org/wiki/Q134122462
Makhanlal Roychoudhury,1962,writer,Q117841594,https://www.wikidata.org/wiki/Q117841594
Ramendu Dutta,1962,writer,Q134734260,https://www.wikidata.org/wiki/Q134734260
Ramesh Chandra Sen,1962,writer,Q117347845,https://www.wikidata.org/wiki/Q117347845
Sajanikanta Das,1962,poet|writer,Q16346779,https://www.wikidata.org/wiki/Q16346779
Sheikh Habibar Rahman,1962,writer,Q61080328,https://www.wikidata.org/wiki/Q61080328
Suhrit Chandra Mitra,1962,writer,Q140247018,https://www.wikidata.org/wiki/Q140247018
Sulekha Sanyal,1962,writer,Q7636143,https://www.wikidata.org/wiki/Q7636143
Swami Mahadebananda Giri,1962,writer,Q125912298,https://www.wikidata.org/wiki/Q125912298
Durgapuri Debi,1963,writer,Q137106372,https://www.wikidata.org/wiki/Q137106372
Hemendranath Dasgupta,1963,writer,Q134876797,https://www.wikidata.org/wiki/Q134876797
Kazi Akram Hossain,1963,poet|writer,Q31724427,https://www.wikidata.org/wiki/Q31724427
Manilal Bandyopadhyay,1963,novelist|playwright,Q106832731,https://www.wikidata.org/wiki/Q106832731
Nripendra Krishna Chattopadhyay,1963,writer,Q108405979,https://www.wikidata.org/wiki/Q108405979
Prasad Das Roy,1963,novelist|playwright|writer,Q5711290,https://www.wikidata.org/wiki/Q5711290
Abaninath Mitra,1964,writer,Q124966963,https://www.wikidata.org/wiki/Q124966963
Abdur Rahman Khan,1964,writer,Q117476571,https://www.wikidata.org/wiki/Q117476571
Apurba Krishna Bhattacharya,1964,writer,Q124966912,https://www.wikidata.org/wiki/Q124966912
Asit Kumar Haldar,1964,writer,Q4807035,https://www.wikidata.org/wiki/Q4807035
Benoytosh Bhattacharyya,1964,writer,Q818098,https://www.wikidata.org/wiki/Q818098
Bhudeb Sen,1964,poet,Q124672662,https://www.wikidata.org/wiki/Q124672662
Golam Mostofa,1964,essayist|poet|writer,Q5578377,https://www.wikidata.org/wiki/Q5578377
Jaladhar Chattopadhyay,1964,playwright,Q120585714,https://www.wikidata.org/wiki/Q120585714
Jamini Kanta Som,1964,writer,Q113557249,https://www.wikidata.org/wiki/Q113557249
Jatindra Bimal Chaudhuri,1964,writer,Q113723308,https://www.wikidata.org/wiki/Q113723308
Jogendranath Gupta,1964,novelist|writer,Q16346393,https://www.wikidata.org/wiki/Q16346393
Kali Krishna Bhattacharya,1964,writer,Q124607248,https://www.wikidata.org/wiki/Q124607248
Narendra Nath Law,1964,writer,Q113802875,https://www.wikidata.org/wiki/Q113802875
Narendranath Basu,1964,writer,Q120434037,https://www.wikidata.org/wiki/Q120434037
Naresh Chandra Sengupta,1964,novelist|writer,Q6965815,https://www.wikidata.org/wiki/Q6965815
Premankur Atorthy,1964,writer,Q7240219,https://www.wikidata.org/wiki/Q7240219
Purnashashi Debi,1964,novelist|writer,Q125341606,https://www.wikidata.org/wiki/Q125341606
Shamsher Ali,1964,writer,Q136001440,https://www.wikidata.org/wiki/Q136001440
Shamsunnahar Mahmud,1964,writer,Q7487795,https://www.wikidata.org/wiki/Q7487795
Shashibhusan Dasgupta,1964,essayist|playwright|poet|writer,Q7490564,https://www.wikidata.org/wiki/Q7490564
Sudhir Kumar Goswami,1964,writer,Q116231515,https://www.wikidata.org/wiki/Q116231515
Sukharanjan Roy,1964,writer,Q135443522,https://www.wikidata.org/wiki/Q135443522
Sundarananda Vidyavinod,1964,writer,Q137394642,https://www.wikidata.org/wiki/Q137394642
Swarnakamal Bhattacharya,1964,writer,Q134730473,https://www.wikidata.org/wiki/Q134730473
Abinash Chandra Ghoshal,1965,writer,Q124967049,https://www.wikidata.org/wiki/Q124967049
Ahsanullah,1965,writer,Q6400040,https://www.wikidata.org/wiki/Q6400040
Asamanja Mukhopadhay,1965,novelist|writer,Q124988458,https://www.wikidata.org/wiki/Q124988458
Ashok Guha,1965,writer,Q124408475,https://www.wikidata.org/wiki/Q124408475
Atul Chandra Dutta,1965,writer,Q113687965,https://www.wikidata.org/wiki/Q113687965
Banbihari Mukhopadhyay,1965,writer,Q97247074,https://www.wikidata.org/wiki/Q97247074
Girija Shankar Roy Choudhury,1965,writer,Q117750129,https://www.wikidata.org/wiki/Q117750129
Hemāṅginī Datta,1965,writer,Q94376016,https://www.wikidata.org/wiki/Q94376016
Hiralal Roy,1965,writer,Q94639242,https://www.wikidata.org/wiki/Q94639242
Jyotirmoy Ghosh,1965,writer,Q113450397,https://www.wikidata.org/wiki/Q113450397
Kartik Chandra Dasgupta,1965,writer,Q97252214,https://www.wikidata.org/wiki/Q97252214
Kedarnath Chattopadhyay,1965,writer,Q55265631,https://www.wikidata.org/wiki/Q55265631
Manik Bhattacharya,1965,novelist|writer,Q56489326,https://www.wikidata.org/wiki/Q56489326
Prabodhendunath Tagore,1965,writer,Q120463715,https://www.wikidata.org/wiki/Q120463715
Rajmohan Nath,1965,writer,Q135040170,https://www.wikidata.org/wiki/Q135040170
Sabitri Prasanna Chattopadhyay,1965,poet|writer,Q124624695,https://www.wikidata.org/wiki/Q124624695
Satinath Bhaduri,1965,novelist|writer,Q142590,https://www.wikidata.org/wiki/Q142590
Sulata Kar,1965,writer,Q139956189,https://www.wikidata.org/wiki/Q139956189
Suresh Chandra Chakraborty,1965,writer,Q133181541,https://www.wikidata.org/wiki/Q133181541
Ullaskar Dutta,1965,writer,Q7879148,https://www.wikidata.org/wiki/Q7879148
